lat_bin,lon_bin,median,count
7,21,10378.115,1
8,69,18118.3095,4
9,21,13184.356,1
9,65,43.407574,35
9,69,221.16977,1
9,70,1655.9319500000001,20
9,71,305.85498,3
10,21,9315.808,11
10,24,9188.153,5
10,63,46.601839,6
10,64,580.53723,33
10,65,347.532385,92
10,66,1048.4165,3
10,70,79.035807,24
10,71,206.21257,23
11,21,88.09035,31
11,22,3822.2214750000003,4
11,23,2730.3036,12
11,24,1104.7521,43
11,25,5182.39183,2
11,39,571.8401,7
11,40,1315.2363,9
11,41,4738.925465,10
11,59,1121.303345,2
11,60,304.44223,1
11,62,471.21585,3
11,63,329.618365,26
11,64,5313.948975,2
11,65,145.29302,38
11,66,249.57793,39
11,70,11244.3545,1
12,24,7870.92165,16
12,25,1422.9541,19
12,26,344.85034,45
12,40,16551.338,1
12,41,123.60807,55
12,42,21.092457,7
12,62,15206.27,1
12,65,1026.1694,3
12,66,190.73318,43
13,25,815.0125,20
13,26,286.59541,112
13,27,5846.0543,40
13,41,191.82917,4
13,42,186.406095,2
13,65,405.06512,1
14,22,91.3250505,28
14,23,1467.8193,13
14,25,137.12495,3
14,26,551.194935,38
14,27,267.095985,14
14,61,229.53981,1
14,65,2971.8733,10
15,20,3994.2563499999997,16
15,21,10294.845,3
15,25,1004.919305,2
15,26,12.735369,1
15,27,841.4157,9
15,28,9290.010999999999,6
16,19,17482.947,1
16,20,10654.185,3
16,27,2088.2559,1
16,28,2539.3139,20
16,29,122.22164000000001,4
16,57,234.90814,21
16,58,1821.36895,22
16,59,515.520721,4
17,20,2199.6614,1
17,25,5089.977,1
17,28,4039.62503,2
17,56,5854.00975,2
18,20,5829.8086,17
18,21,10646.3,12
18,23,10145.539,1
18,55,8.98551,6
19,20,11890.335,10
19,21,7902.759,15
19,51,2692.2751,21
19,55,603.2418,1
19,56,7888.71883,2
20,17,877.8016,1
20,20,2652.3826,3
20,21,7130.2547,2
20,50,5465.1284,1
20,51,1326.7082,40
20,52,907.1011000000001,4
20,55,319.067625,12
20,56,142.37394,40
21,4,7551.2007,1
21,15,6869.22485,8
21,16,7537.089,45
21,17,288.75964,7
21,50,673.8036500000001,22
21,51,3294.04515,4
21,55,325.87613,45
21,56,229.44346000000002,48
22,4,2408.2047150000003,6
22,14,12860.305,1
22,15,1335.9155,39
22,16,4513.3904,8
22,18,1741.4094,3
22,19,103.88461,1
22,46,5784.7603500000005,10
22,47,21.063699,4
22,49,87.9197,33
22,54,5224.865,1
22,59,9883.917,1
22,60,1450.2929,52
23,15,4590.68332,2
23,16,819.2283199999999,46
23,17,743.1197,9
23,19,226.15674,107
23,32,453.4736,9
23,47,17.599842,19
23,49,52.2469,99
23,50,101.957263,4
23,51,2933.4419500000004,6
23,53,3960.7861,1
23,60,219.456305,8
23,61,12.9504175,11
24,12,706.5093999999999,76
24,13,218.83989,59
24,14,839.45496,21
24,15,342.78537,5
24,16,327.7023,119
24,17,1064.49562,16
24,18,416.170955,72
24,19,266.97983,175
24,20,784.77423,17
24,32,2457.3071,17
24,34,465.9409,27
24,35,636.51535,4
24,41,1908.39785,2
24,42,3515.44515,12
24,50,77.37682,5
24,51,94.6571,1
24,61,63.132442,5
24,62,408.4051,63
24,63,390.624405,30
25,11,434.06143,94
25,12,267.755445,92
25,13,169.35016,59
25,14,769.8649,47
25,15,381.3975,53
25,16,193.78455,61
25,17,480.34661,54
25,18,521.19173,82
25,19,576.6444200000001,106
25,20,700.1072,161
25,21,371.39563,3
25,34,1484.416,82
25,35,1214.665,25
25,36,931.48985,4
25,37,5312.717070000001,2
25,38,1054.70244,4
25,39,846.20668,18
25,40,433.21307,65
25,41,2416.7729,20
25,42,260.98813,25
25,43,1693.679,11
25,44,1775.25965,2
25,62,397.180605,12
25,63,151.98912,163
25,64,152.83862,85
26,11,283.0015,52
26,12,32.2543565,14
26,13,276.64624,47
26,14,652.3795,21
26,15,656.6248,5
26,16,308.68195,25
26,17,958.31573,65
26,18,832.48047,104
26,19,454.2697,167
26,20,539.7664,113
26,21,134.33864,163
26,22,132.7019,31
26,23,43.72767,1
26,34,843.4190249999999,78
26,35,1252.0227,83
26,36,837.6649,128
26,37,752.824065,58
26,38,886.37945,62
26,39,510.72467500000005,50
26,40,856.2342,57
26,41,698.9422999999999,44
26,42,1105.3775500000002,20
26,43,1350.0176,11
26,44,580.45002,12
26,45,1732.0059,3
26,62,66.193926,8
26,63,299.76898,1
26,64,526.3219349999999,60
26,65,93.52728,2
27,10,362.43993,2
27,11,378.3789,91
27,12,127.1538675,32
27,13,189.66136,12
27,14,1453.3186,5
27,15,527.03827,1
27,16,353.37985,30
27,17,99.401924,21
27,18,437.24022,20
27,19,486.82022,7
27,20,1000.877,21
27,21,1806.0853,17
27,22,846.817405,4
27,23,117.51492,3
27,35,821.7723,91
27,36,478.49744,137
27,37,616.68525,262
27,38,465.808935,188
27,39,593.4614,175
27,40,435.8002,107
27,41,103.31781,69
27,43,924.8359350000001,12
27,44,196.00374499999998,16
27,61,487.47974,1
27,62,897.85724,3
27,63,424.4295,3
27,64,9689.364,1
28,11,1492.3413,5
28,12,274.9638,9
28,13,12.192636,15
28,14,187.724315,16
28,15,22.839663,1
28,16,550.9883,3
28,34,374.48315,86
28,35,279.96326,169
28,36,593.99,117
28,37,439.47995,269
28,38,402.55286,247
28,39,504.64284,116
28,40,656.71115,70
28,41,270.41754,43
28,42,712.84924,9
28,43,127.66021500000001,40
28,44,1644.0084,6
28,45,52.3907685,40
28,46,353.143845,14
28,47,143.49142,23
28,48,2960.332,3
28,52,3797.00855,6
28,61,471.8209,1
29,10,1936.1978,1
29,12,1962.7715,1
29,34,60.36296,11
29,35,801.2064,61
29,37,688.31824,41
29,38,522.11032,136
29,39,461.49989,80
29,40,708.0732,55
29,41,541.4098,49
29,42,580.3299,25
29,43,783.03766,83
29,44,131.766715,42
29,45,805.66156,11
29,46,176.284765,4
29,47,131.797575,36
29,48,1775.57395,16
29,52,8041.303,1
29,54,2105.3035,1
29,59,6858.963,1
30,6,3775.8655,2
30,35,42.788494,7
30,37,1663.82395,8
30,38,428.3693,59
30,39,164.9194,52
30,40,272.03195,57
30,41,808.969,27
30,42,955.2405,15
30,43,721.7619,1
30,46,3346.181485,2
30,51,2669.5862,1
31,38,241.339765,4
31,39,206.80108,10
31,40,709.46258,16
31,41,190.41412,2
31,43,3811.4202,1
32,40,265.6084,1
