run,finetune_lr,lambda,median_km,mean_km,geoscore,acc@1km,acc@25km,acc@200km,acc@750km,acc@2500km,num_cells
sweep/lr1e-05_lam0,1e-05,0.0,1668.319580078125,4487.00439453125,1896.525634765625,0.0,0.011,0.141,0.3343333333333333,0.5646666666666667,
sweep/lr1e-05_lam0.1,1e-05,0.1,1592.432373046875,4359.33154296875,1928.851318359375,0.0,0.011,0.13933333333333334,0.337,0.5763333333333334,
sweep/lr1e-05_lam0.5,1e-05,0.5,1536.23095703125,4240.64453125,1933.718994140625,0.0,0.01,0.12733333333333333,0.32666666666666666,0.5913333333333334,
sweep/lr3e-05_lam0,3e-05,0.0,1130.593017578125,3703.535888671875,2229.4140625,0.0,0.014333333333333333,0.17966666666666667,0.405,0.6506666666666666,
sweep/lr3e-05_lam0.1,3e-05,0.1,1048.380126953125,3526.342041015625,2283.017578125,0.0,0.014666666666666666,0.18166666666666667,0.4126666666666667,0.6663333333333333,
sweep/lr3e-05_lam0.5,3e-05,0.5,1075.242431640625,3410.097900390625,2276.42529296875,0.0,0.011333333333333334,0.16566666666666666,0.3973333333333333,0.6776666666666666,
sweep/lr0.0001_lam0,0.0001,0.0,847.1146240234375,3114.998291015625,2517.156005859375,0.0,0.016666666666666666,0.22,0.471,0.7113333333333334,
sweep/lr0.0001_lam0.1,0.0001,0.1,834.8687744140625,2969.118408203125,2555.936279296875,0.0,0.018333333333333333,0.22166666666666668,0.47533333333333333,0.728,
sweep/lr0.0001_lam0.5,0.0001,0.5,847.1146240234375,2771.15576171875,2566.644775390625,0.0,0.015666666666666666,0.19933333333333333,0.4726666666666667,0.747,
sweep/lr0.0003_lam0.5,0.0003,0.5,887.986328125,3427.060546875,2470.04736328125,0.0,0.018,0.21433333333333332,0.46,0.705,
sweep/lr0.001_lam0.5,0.001,0.5,1070.764892578125,3462.979736328125,2289.391357421875,0.0,0.015,0.182,0.41133333333333333,0.678,
q500_main,,,362.7021789550781,1828.6629638671875,3247.478515625,0.00011068068622025456,0.03353624792473713,0.38550083010514663,0.6545655783065855,0.8367459878251245,407.0
q500_smooth,,,371.7339172363281,1856.1669921875,3228.38818359375,0.0,0.033757609297177645,0.381737686773658,0.6489208633093525,0.8332042058660764,407.0
q2500,,,497.7978820800781,1873.13623046875,3032.729248046875,0.0,0.0034311012728278916,0.2109573879358052,0.6159380188157166,0.8418372993912562,87.0
q100,,,463.56744384765625,2061.448486328125,3097.25927734375,0.00044272274488101824,0.0942999446596569,0.36081903707802987,0.6,0.8084117321527393,1841.0
lc_10k,,,997.9854125976562,3232.909912109375,2378.608642578125,0.0,0.013945766463752075,0.18483674598782512,0.42744881018262315,0.7018262313226342,407.0
lc_40k,,,536.269775390625,2306.9326171875,2937.146484375,0.00011068068622025456,0.02667404537908135,0.3099059214167128,0.5688987271721084,0.7947980077476481,407.0
